node,java,backend,benchmark,score_ns_op,score_error_ns_op,confidence_low_ns_op,confidence_high_ns_op,jdk_version,vm_name,vm_version,warmup_iterations,measurement_iterations,measurement_time,threads,forks,raw_samples,overhead_ns_op,overhead_error_ns_op,score_multiplier,overhead_multiplier
1.12.2-paper,8,instrumentation,baseline,0.37131778543035676,0.0033041395006201194,0.3680136459297366,0.3746219249309769,1.8.0_472,OpenJDK 64-Bit Server VM,25.472-b08,3,7,500 ms,1,0,"[[0.37037935098544567,0.3727472937337182,0.3687508928887281,0.3731270416934453,0.37115335048271264,0.3715930561454076,0.3714735120830401]]",0.0,0.0046727588937496385,1.0,0.0
1.12.2-paper,8,instrumentation,lead,78.27851561692042,0.8681569506176936,77.41035866630273,79.1466725675381,1.8.0_472,OpenJDK 64-Bit Server VM,25.472-b08,3,7,500 ms,1,0,"[[78.21149388657719,78.21832922787873,77.67326209014703,77.9384158039016,78.58221941510865,78.74537040822166,78.58051848660799]]",77.90719783149005,0.8681632382470776,210.81272884948328,209.81272884948328
1.12.2-paper,8,instrumentation,leadTrail,201.29815779519336,2.1726998163256206,199.12545797886773,203.470857611519,1.8.0_472,OpenJDK 64-Bit Server VM,25.472-b08,3,7,500 ms,1,0,"[[200.1525011061531,200.7970345731471,202.59051107710064,202.09391732233345,201.414973980867,201.89866010170311,200.1395064050488]]",200.926840009763,2.172702328713997,542.1182762950315,541.1182762950315
1.12.2-paper,8,instrumentation,predicateTrue,137.414697807159,1.3387546461134652,136.07594316104553,138.75345245327247,1.8.0_472,OpenJDK 64-Bit Server VM,25.472-b08,3,7,500 ms,1,0,"[[138.36758283317943,136.40441152205912,137.72726661346908,137.15036407939456,137.31890219017822,137.53445648121752,137.3999009306152]]",137.04338002172864,1.338758723530207,370.07302962311803,369.07302962311803
1.12.2-paper,8,instrumentation,siteInvoke,225.40799563602104,2.3834807302898553,223.0245149057312,227.7914763663109,1.8.0_472,OpenJDK 64-Bit Server VM,25.472-b08,3,7,500 ms,1,0,"[[225.30040140629626,226.14766115464917,224.53236389367055,226.62659057373688,224.18185058992708,224.4439647609119,226.62313707295544]]",225.03667785059068,2.383483020497713,607.0487449847669,606.0487449847669
1.12.2-paper,8,instrumentation,spliceProceed,128.54738011849616,1.1018114818558014,127.44556863664036,129.64919160035197,1.8.0_472,OpenJDK 64-Bit Server VM,25.472-b08,3,7,500 ms,1,0,"[[127.91796180661674,128.93155673686258,128.55236300227236,128.2672482197563,129.3998925242337,128.25526859130673,128.50736994842472]]",128.1760623330658,1.1018164361122575,346.1923591123165,345.1923591123165
1.12.2-paper,8,jvmti,baseline,0.372468069796491,0.003445136338957692,0.3690229334575333,0.3759132061354487,1.8.0_472,OpenJDK 64-Bit Server VM,25.472-b08,3,7,500 ms,1,0,"[[0.3709912073458681,0.3717435308156223,0.3728850625201855,0.3756822601150216,0.3720142315859426,0.3717099044270135,0.37225029176578384]]",0.0,0.00487215853477836,1.0,0.0
1.12.2-paper,8,jvmti,lead,78.28040866698825,0.9707719433338063,77.30963672365445,79.25118061032205,1.8.0_472,OpenJDK 64-Bit Server VM,25.472-b08,3,7,500 ms,1,0,"[[78.33821977377302,78.36125561560533,77.88157098173353,77.89914221800717,78.72696628066812,77.83841044238912,78.91729535674138]]",77.90794059719175,0.9707780564724817,210.16676331412538,209.16676331412535
1.12.2-paper,8,jvmti,leadTrail,202.6172744933326,3.728844226757491,198.88843026657509,206.3461187200901,1.8.0_472,OpenJDK 64-Bit Server VM,25.472-b08,3,7,500 ms,1,0,"[[200.35003301707158,201.97132363185537,202.63639650904625,202.39652438052923,205.53583565575218,201.64240080056217,203.78840745851122]]",202.2448064235361,3.7288458182642876,543.9856216508399,542.9856216508399
1.12.2-paper,8,jvmti,predicateTrue,139.09984049564304,2.272209734172625,136.8276307614704,141.37205022981567,1.8.0_472,OpenJDK 64-Bit Server VM,25.472-b08,3,7,500 ms,1,0,"[[138.98488827752988,138.46925419533977,140.31182330255825,138.50411663917075,140.41243354095585,139.35945246518133,137.65691504876543]]",138.72737242584654,2.2722123459380343,373.4544026059586,372.4544026059586
1.12.2-paper,8,jvmti,siteInvoke,218.14827656056477,1.9425408977792902,216.2057356627855,220.09081745834405,1.8.0_472,OpenJDK 64-Bit Server VM,25.472-b08,3,7,500 ms,1,0,"[[218.53034892720893,218.47296879449226,218.13484239099168,219.2180269511584,217.76542179755006,218.4502318420908,216.4660952204613]]",217.77580849076827,1.9425439527870572,585.6831611895124,584.6831611895124
1.12.2-paper,8,jvmti,spliceProceed,129.81937154356737,4.242381281102387,125.57699026246499,134.06175282466975,1.8.0_472,OpenJDK 64-Bit Server VM,25.472-b08,3,7,500 ms,1,0,"[[129.20720970701734,128.33920638488806,128.89685334047644,129.36647946383854,133.95317518008773,129.0639984385726,129.908678290091]]",129.44690347377087,4.242382679958554,348.5382562175009,347.5382562175008
1.16.5-paper,16,instrumentation,baseline,0.35340971431362256,0.012344688617515554,0.341065025696107,0.3657544029311381,16.0.2,OpenJDK 64-Bit Server VM,16.0.2+7,3,7,500 ms,1,0,"[[0.36176191922567363,0.3562048804193693,0.34645323448065424,0.3494796372796038,0.3490370640608543,0.35783964559233156,0.3530916191368709]]",0.0,0.01745802606616327,1.0,0.0
1.16.5-paper,16,instrumentation,lead,81.60385283528332,1.6862106818291442,79.91764215345418,83.29006351711246,16.0.2,OpenJDK 64-Bit Server VM,16.0.2+7,3,7,500 ms,1,0,"[[83.17596352633069,81.90673767811137,81.05334240411771,81.45875475223981,81.15294575435439,81.2994339027024,81.17979182912688]]",81.25044312096969,1.6862558687375326,230.90438527919608,229.90438527919605
1.16.5-paper,16,instrumentation,leadTrail,209.80038921384534,2.422861552517904,207.37752766132743,212.22325076636324,16.0.2,OpenJDK 64-Bit Server VM,16.0.2+7,3,7,500 ms,1,0,"[[209.66767890714908,209.70250596688703,207.9437716198346,210.90621387939694,209.1418437764977,210.13652237356936,211.10418797358267]]",209.44697949953172,2.4228930009405145,593.6463563864135,592.6463563864135
1.16.5-paper,16,instrumentation,predicateTrue,120.48339150705797,1.208127059430098,119.27526444762788,121.69151856648807,16.0.2,OpenJDK 64-Bit Server VM,16.0.2+7,3,7,500 ms,1,0,"[[120.20026733691415,120.44546545589515,119.66365418975423,120.11981063120052,120.78103436036207,121.1963205999588,120.9771879753209]]",120.12998179274435,1.208190127034764,340.91703376364666,339.9170337636466
1.16.5-paper,16,instrumentation,siteInvoke,167.1574272748773,1.5991974776672446,165.55822979721006,168.75662475254455,16.0.2,OpenJDK 64-Bit Server VM,16.0.2+7,3,7,500 ms,1,0,"[[166.92376378985077,167.8407700355723,167.8137094771221,166.09425585820114,166.71573727227704,167.93472247833301,166.77903201278482]]",166.8040175605637,1.599245123148525,472.98481197531146,471.9848119753115
1.16.5-paper,16,instrumentation,spliceProceed,121.26322334060957,1.5569356007215178,119.70628773988805,122.82015894133109,16.0.2,OpenJDK 64-Bit Server VM,16.0.2+7,3,7,500 ms,1,0,"[[121.88399625369152,121.16013091652692,121.14133530812302,121.1967661606752,120.98352429337218,122.32756995331398,120.1492404985642]]",120.90981362629594,1.5569845394643895,343.1236279855009,342.1236279855009
1.16.5-paper,16,jvmti,baseline,0.3534508690830505,0.00539413214254945,0.34805673694050104,0.3588450012256,16.0.2,OpenJDK 64-Bit Server VM,16.0.2+7,3,7,500 ms,1,0,"[[0.35727234305283295,0.3542965182809128,0.35164797245375573,0.3540197628899634,0.3495935278612657,0.35313618149275977,0.35418977754986364]]",0.0,0.007628454833226073,1.0,0.0
1.16.5-paper,16,jvmti,lead,78.44073063329795,1.4508456455748213,76.98988498772313,79.89157627887276,16.0.2,OpenJDK 64-Bit Server VM,16.0.2+7,3,7,500 ms,1,0,"[[79.55546448930659,78.69418956981235,78.41426272806169,78.05207455417874,78.64895411563593,78.25603756813207,77.46413140795833]]",78.0872797642149,1.4508556730236786,221.92824376636824,220.92824376636827
1.16.5-paper,16,jvmti,leadTrail,209.84854275506854,1.1399586787288882,208.70858407633966,210.9885014337974,16.0.2,OpenJDK 64-Bit Server VM,16.0.2+7,3,7,500 ms,1,0,"[[209.83570320660286,209.40824836514386,210.8454076750235,210.03653343838369,209.56067658361349,209.3690842373256,209.88414577938676]]",209.4950918859855,1.1399714408137092,593.7134722556315,592.7134722556315
1.16.5-paper,16,jvmti,predicateTrue,121.31676112548867,1.7441792831885083,119.57258184230015,123.06094040867718,16.0.2,OpenJDK 64-Bit Server VM,16.0.2+7,3,7,500 ms,1,0,"[[121.0211658942982,120.72197428222154,120.6525023384201,122.54103000266109,121.18850602894989,122.28620197759057,120.80594735427925]]",120.96331025640562,1.7441876242438914,343.23514733523774,342.23514733523774
1.16.5-paper,16,jvmti,siteInvoke,169.5223589770182,2.8824003607521247,166.63995861626609,172.40475933777032,16.0.2,OpenJDK 64-Bit Server VM,16.0.2+7,3,7,500 ms,1,0,"[[172.0327771561397,169.923993519869,168.53017272578833,168.29570995896273,168.82117262195842,169.08869133313652,169.96399552327264]]",169.16890810793515,2.8824054080447374,479.620716216673,478.620716216673
1.16.5-paper,16,jvmti,spliceProceed,119.7867576041167,1.6434276339205862,118.14332997019612,121.43018523803728,16.0.2,OpenJDK 64-Bit Server VM,16.0.2+7,3,7,500 ms,1,0,"[[119.52518003119276,121.10203405768462,119.16672453764261,118.95091948879983,120.29072400691976,119.57139403164865,119.90032707492861]]",119.43330673503365,1.6434364863283848,338.90638864427393,337.90638864427393
1.20.6-paper,21,instrumentation,baseline,0.37193896892957007,0.0023864322201780246,0.36955253670939203,0.3743254011497481,21.0.10,OpenJDK 64-Bit Server VM,21.0.10+7-LTS,3,7,500 ms,1,0,"[[0.3734953362804759,0.371555514597601,0.3724583531517514,0.3705331053192203,0.3712501507698825,0.3713138929216356,0.372966429466424]]",0.0,0.0033749248114598985,1.0,0.0
1.20.6-paper,21,instrumentation,lead,76.92669606371878,5.743666924292156,71.18302913942662,82.67036298801094,21.0.10,OpenJDK 64-Bit Server VM,21.0.10+7-LTS,3,7,500 ms,1,0,"[[74.97277819309475,79.48370306723238,78.9414260196136,79.63654907773339,76.89658173114472,75.5488144486457,73.00701990856695]]",76.55475709478921,5.743667420060675,206.826126031138,205.826126031138
1.20.6-paper,21,instrumentation,leadTrail,183.28076877825637,12.871136861208454,170.40963191704793,196.15190563946481,21.0.10,OpenJDK 64-Bit Server VM,21.0.10+7-LTS,3,7,500 ms,1,0,"[[195.10667445028216,183.8580917091348,178.85862659916475,180.39614986702978,184.0360474094281,178.09608706756657,182.6137043451886]]",182.9088298093268,12.871137082442162,492.7710836692732,491.77108366927314
1.20.6-paper,21,instrumentation,predicateTrue,84.60752544961876,1.5091966681809845,83.09832878143777,86.11672211779975,21.0.10,OpenJDK 64-Bit Server VM,21.0.10+7-LTS,3,7,500 ms,1,0,"[[84.68227222220249,85.15736646304337,83.54123850759453,85.18800717966785,84.54768957575794,83.89514444549945,85.24095975356575]]",84.2355864806892,1.5091985549646296,227.47690486188324,226.47690486188327
1.20.6-paper,21,instrumentation,siteInvoke,142.49360997670018,1.978459502131167,140.51515047456903,144.47206947883134,21.0.10,OpenJDK 64-Bit Server VM,21.0.10+7-LTS,3,7,500 ms,1,0,"[[143.15003654991665,143.56532956921862,140.92102432039977,142.3797161524532,142.6555188858899,142.90055398265918,141.8830903763641]]",142.1216710077706,1.9784609413965815,383.1101924780638,382.11019247806377
1.20.6-paper,21,instrumentation,spliceProceed,108.10584027090633,1.8764104161337156,106.22942985477262,109.98225068704004,21.0.10,OpenJDK 64-Bit Server VM,21.0.10+7-LTS,3,7,500 ms,1,0,"[[109.01411727392495,107.1896711507381,108.37646310451812,108.83924068319304,108.33153675242322,106.75604353031429,108.23380940123246]]",107.73390130197676,1.8764119336739056,290.65478291245444,289.65478291245444
1.20.6-paper,21,jvmti,baseline,0.3738920706900161,0.0041061852801565326,0.36978588540985957,0.37799825597017267,21.0.10,OpenJDK 64-Bit Server VM,21.0.10+7-LTS,3,7,500 ms,1,0,"[[0.37321882386581284,0.3768808867322937,0.3759823828215808,0.3735569960161623,0.373133245889451,0.3723236611890311,0.37214849831578106]]",0.0,0.005807022912814135,1.0,0.0
1.20.6-paper,21,jvmti,lead,73.95815379435898,2.8677309943753024,71.09042279998367,76.82588478873429,21.0.10,OpenJDK 64-Bit Server VM,21.0.10+7-LTS,3,7,500 ms,1,0,"[[75.57025962978855,72.63321597417809,75.02418350592704,72.96815674070501,74.22590016095714,72.42079331704186,74.86456723191516]]",73.58426172366896,2.8677339341121444,197.8061574236371,196.80615742363707
1.20.6-paper,21,jvmti,leadTrail,174.34978958805138,4.1402304076679535,170.20955918038342,178.49001999571934,21.0.10,OpenJDK 64-Bit Server VM,21.0.10+7-LTS,3,7,500 ms,1,0,"[[171.16179807982977,173.76617447100088,172.7969353946666,175.55133057190457,175.75653593223325,175.35494016327704,176.06081250344758]]",173.97589751736137,4.1402324438775056,466.3104763529476,465.31047635294766
1.20.6-paper,21,jvmti,predicateTrue,82.77081460787527,1.3391816026479957,81.43163300522727,84.10999621052326,21.0.10,OpenJDK 64-Bit Server VM,21.0.10+7-LTS,3,7,500 ms,1,0,"[[83.39616480324798,82.80943108388009,82.97059647380316,82.49163888953791,83.56495758913697,81.95932468179303,82.20358873372774]]",82.39692253718525,1.3391878978053862,221.3762235051471,220.3762235051471
1.20.6-paper,21,jvmti,siteInvoke,143.20903349798306,3.5755900479655023,139.63344345001755,146.78462354594856,21.0.10,OpenJDK 64-Bit Server VM,21.0.10+7-LTS,3,7,500 ms,1,0,"[[143.97185452867598,142.0874520418517,145.066079690056,143.22035619101604,144.51747011097123,143.24071484701824,140.35930707629214]]",142.83514142729305,3.5755924057234902,383.02238727259294,382.022387272593
1.20.6-paper,21,jvmti,spliceProceed,107.12410421298605,1.836779017649117,105.28732519533693,108.96088323063518,21.0.10,OpenJDK 64-Bit Server VM,21.0.10+7-LTS,3,7,500 ms,1,0,"[[107.48037348166746,106.26241754411481,107.67684644824767,108.32630038190008,106.2506214179034,107.45412925294663,106.41804096412253]]",106.75021214229604,1.836783607405513,286.51076770707925,285.5107677070792
1.21.11-paper,21,instrumentation,baseline,0.3763908924747569,0.008856803158261123,0.3675340893164958,0.385247695633018,21.0.10,OpenJDK 64-Bit Server VM,21.0.10+7-LTS,3,7,500 ms,1,0,"[[0.37939800070431695,0.37400320763684597,0.37514085610070047,0.3725123755808178,0.3760908204497323,0.3837846167524917,0.3738063700983929]]",0.0,0.012525411145681741,1.0,0.0
1.21.11-paper,21,instrumentation,lead,69.70910056083537,1.7234499436757336,67.98565061715964,71.4325505045111,21.0.10,OpenJDK 64-Bit Server VM,21.0.10+7-LTS,3,7,500 ms,1,0,"[[70.63364787947971,70.09186612006215,69.01715987250624,70.42503891722632,68.50127168591916,69.4826309756675,69.81208847498647]]",69.33270966836061,1.7234727010655182,185.20400454564796,184.20400454564796
1.21.11-paper,21,instrumentation,leadTrail,196.23097203940492,71.56444863942238,124.66652339998254,267.7954206788273,21.0.10,OpenJDK 64-Bit Server VM,21.0.10+7-LTS,3,7,500 ms,1,0,"[[172.58322227846708,169.9632596559552,170.84351628841668,170.9271974908123,227.5192798905271,222.45108850004735,239.32924017160883]]",195.85458114693017,71.56444918748055,521.3488847968482,520.3488847968483
1.21.11-paper,21,instrumentation,predicateTrue,100.09159333311285,12.348389898953194,87.74320343415965,112.43998323206606,21.0.10,OpenJDK 64-Bit Server VM,21.0.10+7-LTS,3,7,500 ms,1,0,"[[106.28276539973788,95.79754567774914,109.25086737173062,96.69598630827875,95.26594371091724,98.01590480385558,99.33214005952068]]",99.7152024406381,12.34839307519531,265.92458886296146,264.92458886296146
1.21.11-paper,21,instrumentation,siteInvoke,198.73383069058542,29.40319316632465,169.33063752426077,228.13702385691008,21.0.10,OpenJDK 64-Bit Server VM,21.0.10+7-LTS,3,7,500 ms,1,0,"[[194.21621711574028,206.43223353255658,213.33724921685882,180.8021816259877,210.87342151279492,202.45567439639368,183.01983743376596]]",198.35743979811068,29.403194500243725,527.9985107607612,526.9985107607612
1.21.11-paper,21,instrumentation,spliceProceed,142.7281039844467,10.591658384086761,132.13644560035993,153.31976236853347,21.0.10,OpenJDK 64-Bit Server VM,21.0.10+7-LTS,3,7,500 ms,1,0,"[[137.88874590779298,145.49104167483435,139.8066218907679,143.25927342212432,146.61791129723102,149.2426566300459,136.79047706833043]]",142.35171309197196,10.59166208713994,379.20180014456366,378.20180014456366
1.21.11-paper,21,jvmti,baseline,0.37425003269896656,0.007175621732463939,0.3670744109665026,0.3814256544314305,21.0.10,OpenJDK 64-Bit Server VM,21.0.10+7-LTS,3,7,500 ms,1,0,"[[0.38099351476736526,0.3721120488753892,0.37372938036226777,0.3728536185855416,0.3752075114422903,0.37169404039056164,0.3731601144693501]]",0.0,0.010147861572509628,1.0,0.0
1.21.11-paper,21,jvmti,lead,72.04206105179075,1.6126934666600128,70.42936758513073,73.65475451845077,21.0.10,OpenJDK 64-Bit Server VM,21.0.10+7-LTS,3,7,500 ms,1,0,"[[71.46908348023547,71.5923297710657,72.04941869247455,71.8101489204333,71.38271482422843,73.34149728562238,72.64923438847549]]",71.66781101909179,1.612709430416756,192.4971403001555,191.4971403001555
1.21.11-paper,21,jvmti,leadTrail,173.36167868490128,2.940590897146458,170.42108778775483,176.30226958204773,21.0.10,OpenJDK 64-Bit Server VM,21.0.10+7-LTS,3,7,500 ms,1,0,"[[172.4071899930039,175.28484997335792,173.60311605106054,174.27174585811818,172.20302057312998,171.67110518165902,174.09072316397948]]",172.9874286522023,2.9405996520995266,463.2242178702687,462.2242178702687
1.21.11-paper,21,jvmti,predicateTrue,73.57366842116963,2.897419847886384,70.67624857328325,76.47108826905601,21.0.10,OpenJDK 64-Bit Server VM,21.0.10+7-LTS,3,7,500 ms,1,0,"[[74.28517815395413,72.71972536091268,73.11289160238955,74.10740925796124,71.50992356745304,75.5521590930491,73.72839191246764]]",73.19941838847066,2.897428733286326,196.5896112034536,195.5896112034536
1.21.11-paper,21,jvmti,siteInvoke,143.75848702962048,4.938722678208888,138.8197643514116,148.69720970782936,21.0.10,OpenJDK 64-Bit Server VM,21.0.10+7-LTS,3,7,500 ms,1,0,"[[141.85198434582173,143.89048709480684,141.7322747903233,141.55713943567775,144.87288503504922,144.96524807280562,147.4393904328589]]",143.38423699692152,4.938727891046643,384.12418027830796,383.12418027830796
1.21.11-paper,21,jvmti,spliceProceed,103.1352374087394,1.4162800777791216,101.71895733096028,104.55151748651852,21.0.10,OpenJDK 64-Bit Server VM,21.0.10+7-LTS,3,7,500 ms,1,0,"[[103.54251504291221,103.51806874522063,101.8620754073328,103.57471607859114,103.50533697271476,103.13903153349136,102.80491808091294]]",102.76098737604043,1.4162982554043064,275.5784325921428,274.5784325921428
26.1.2-spigot,25,instrumentation,baseline,0.4753817802324151,0.08698783661129683,0.3883939436211183,0.562369616843712,25.0.2,OpenJDK 64-Bit Server VM,25.0.2+10-LTS,3,7,500 ms,1,0,"[[0.5136954469445769,0.44884444371479854,0.5356328027786627,0.4289732390533029,0.48234862341239604,0.4734925276199515,0.4446853781032174]]",0.0,0.12301937829719083,1.0,0.0
26.1.2-spigot,25,instrumentation,lead,83.18959714223546,13.202526202067666,69.9870709401678,96.39212334430312,25.0.2,OpenJDK 64-Bit Server VM,25.0.2+10-LTS,3,7,500 ms,1,0,"[[84.68547534231797,74.2502199785595,91.05719585488721,85.81051300330395,79.36152491053876,88.06996471683595,79.09228618920487]]",82.71421536200305,13.202812768497537,174.99534185252932,173.99534185252935
26.1.2-spigot,25,instrumentation,leadTrail,225.97158594191828,47.252745257919145,178.71884068399913,273.2243311998374,25.0.2,OpenJDK 64-Bit Server VM,25.0.2+10-LTS,3,7,500 ms,1,0,"[[245.08631676968207,211.09712529692337,228.06199551421386,252.68330357538701,199.38314317496136,240.1918289710221,205.2973882912384]]",225.49620416168585,47.252825326042874,475.34759500341033,474.34759500341033
26.1.2-spigot,25,instrumentation,predicateTrue,90.30831562842991,12.188638338304498,78.11967729012541,102.49695396673441,25.0.2,OpenJDK 64-Bit Server VM,25.0.2+10-LTS,3,7,500 ms,1,0,"[[93.97782163964663,90.43728183445592,88.02922700633795,97.77214844899216,82.4737407248782,85.30103416205206,94.1669555826464]]",89.8329338481975,12.188948741614453,189.97008169786815,188.97008169786818
26.1.2-spigot,25,instrumentation,siteInvoke,145.26945084587652,15.631854934426297,129.63759591145023,160.9013057803028,25.0.2,OpenJDK 64-Bit Server VM,25.0.2+10-LTS,3,7,500 ms,1,0,"[[145.3702181431116,147.76449352429572,141.64957490146642,135.39523883200903,154.9856371657629,139.65191243390865,152.06908092058134]]",144.7940690656441,15.632096966647376,305.5848096972795,304.58480969727947
26.1.2-spigot,25,instrumentation,spliceProceed,118.50944783018319,7.071861706060865,111.43758612412233,125.58130953624405,25.0.2,OpenJDK 64-Bit Server VM,25.0.2+10-LTS,3,7,500 ms,1,0,"[[114.96870364672547,117.2840640437327,116.45888817719045,122.28445954667446,121.08067244867384,121.90219865726067,115.58714829102485]]",118.03406604995078,7.072396685238209,249.29320549946968,248.29320549946968
26.1.2-spigot,25,jvmti,baseline,0.49157879555855477,0.1084228757523742,0.3831559198061806,0.600001671310929,25.0.2,OpenJDK 64-Bit Server VM,25.0.2+10-LTS,3,7,500 ms,1,0,"[[0.41730069462537006,0.5641354827031788,0.5293615499917675,0.4563088549792729,0.48731075638151344,0.478696389334811,0.5079378408939694]]",0.0,0.1533331013605006,1.0,0.0
26.1.2-spigot,25,jvmti,lead,84.72836924916116,8.429914590930652,76.29845465823051,93.15828384009181,25.0.2,OpenJDK 64-Bit Server VM,25.0.2+10-LTS,3,7,500 ms,1,0,"[[82.83283285768697,89.38157522620645,80.90466742901475,86.10921373008618,87.56271922972152,79.32675393138126,86.98082234003098]]",84.23679045360261,8.430611812340308,172.3596908871727,171.3596908871727
26.1.2-spigot,25,jvmti,leadTrail,243.60167810483566,40.3137442109463,203.28793389388937,283.91542231578194,25.0.2,OpenJDK 64-Bit Server VM,25.0.2+10-LTS,3,7,500 ms,1,0,"[[219.58185318119695,244.60819236153455,221.40718833599087,260.895286751211,263.8320932623277,254.99156553889608,239.89556730269265]]",243.1100993092771,40.313890011081696,495.5496052836129,494.5496052836129
26.1.2-spigot,25,jvmti,predicateTrue,101.74909484691837,6.033697220039064,95.71539762687931,107.78279206695743,25.0.2,OpenJDK 64-Bit Server VM,25.0.2+10-LTS,3,7,500 ms,1,0,"[[101.21339341396504,97.99479523085165,103.9792177220414,104.49872557970302,98.56025540529077,104.19344769643858,101.80382888013798]]",101.25751605135981,6.034671297021367,206.9843039737023,205.9843039737023
26.1.2-spigot,25,jvmti,siteInvoke,138.38140006299903,34.47976511305043,103.9016349499486,172.86116517604947,25.0.2,OpenJDK 64-Bit Server VM,25.0.2+10-LTS,3,7,500 ms,1,0,"[[162.73923856872022,129.23060046949388,132.91594108948857,153.90173232986703,118.59537722025873,130.54628659835458,140.7406241648102]]",137.88982126744048,34.47993558246761,281.50400569203487,280.50400569203487
26.1.2-spigot,25,jvmti,spliceProceed,117.96448087270849,28.409399700195056,89.55508117251344,146.37388057290354,25.0.2,OpenJDK 64-Bit Server VM,25.0.2+10-LTS,3,7,500 ms,1,0,"[[119.87560808126517,109.06169749813303,140.072634173404,105.81684025285543,129.36492864581345,111.8319930264426,109.7276644310457]]",117.47290207714994,28.40960659434462,239.97064547642202,238.97064547642205
26.2-paper,25,instrumentation,baseline,0.46374501012583424,0.06292914251419737,0.4008158676116369,0.5266741526400316,25.0.2,OpenJDK 64-Bit Server VM,25.0.2+10-LTS,3,7,500 ms,1,0,"[[0.4308429585612522,0.4695316198692266,0.5070176907032783,0.45425490961750814,0.4698633767673944,0.4846138373108673,0.4300906780513129]]",0.0,0.08899524681208726,1.0,0.0
26.2-paper,25,instrumentation,lead,89.26809349319875,6.766853508653722,82.50123998454502,96.03494700185247,25.0.2,OpenJDK 64-Bit Server VM,25.0.2+10-LTS,3,7,500 ms,1,0,"[[91.41925771015059,88.37770391784608,86.96142542024928,92.88292633377128,84.56731417768175,88.60408758224514,92.06393931044711]]",88.80434848307291,6.767146110773489,192.49391701050632,191.49391701050632
26.2-paper,25,instrumentation,leadTrail,236.8051173382697,13.155486659326575,223.6496306789431,249.96060399759628,25.0.2,OpenJDK 64-Bit Server VM,25.0.2+10-LTS,3,7,500 ms,1,0,"[[235.31837767209078,233.14759662517454,242.56907883250759,238.482629804162,231.1415288231078,230.89408656360905,246.08252304723632]]",236.34137232814385,13.155637168936252,510.63647514830217,509.6364751483021
26.2-paper,25,instrumentation,predicateTrue,99.79385717272054,6.862421657183293,92.93143551553725,106.65627882990383,25.0.2,OpenJDK 64-Bit Server VM,25.0.2+10-LTS,3,7,500 ms,1,0,"[[101.46121372106481,99.77961512672978,95.52499110058541,96.98506731206972,104.92916019221795,99.49252588050503,100.38442687587116]]",99.3301121625947,6.862710184610441,215.19122576788936,214.19122576788936
26.2-paper,25,instrumentation,siteInvoke,168.7697285228716,8.121061351234536,160.64866717163704,176.89078987410613,25.0.2,OpenJDK 64-Bit Server VM,25.0.2+10-LTS,3,7,500 ms,1,0,"[[174.32190400084644,171.21329575099088,166.2413279942526,164.99530670008795,170.4342594067304,169.55749682531209,164.62450898188044]]",168.30598351274574,8.121305162810524,363.92785871071044,362.92785871071044
26.2-paper,25,instrumentation,spliceProceed,137.4783362723217,15.275890924317467,122.20244534800425,152.7542271966392,25.0.2,OpenJDK 64-Bit Server VM,25.0.2+10-LTS,3,7,500 ms,1,0,"[[129.65494558700692,135.67538973008826,144.71505245449808,134.61876320235308,148.72177923792844,132.65948391008817,136.3029397842891]]",137.01459126219586,15.276020542295115,296.4524324154299,295.4524324154298
26.2-paper,25,jvmti,baseline,0.4679462712622056,0.05658961727989064,0.41135665398231497,0.5245358885420962,25.0.2,OpenJDK 64-Bit Server VM,25.0.2+10-LTS,3,7,500 ms,1,0,"[[0.49809731648426675,0.4520161978305282,0.44746577227906514,0.5024507845053356,0.4393797943972319,0.4581326149194462,0.4780814184195655]]",0.0,0.08002980424672419,1.0,0.0
26.2-paper,25,jvmti,lead,92.07511450997525,15.430300245880463,76.64481426409479,107.50541475585571,25.0.2,OpenJDK 64-Bit Server VM,25.0.2+10-LTS,3,7,500 ms,1,0,"[[86.73516234084596,100.5995115403761,85.48488259507104,87.35411990449661,99.7433289506755,87.0212449441081,97.58755129425349]]",91.60716823871304,15.43040401489224,196.76428719395128,195.76428719395128
26.2-paper,25,jvmti,leadTrail,243.5009756126568,27.73683536514383,215.76414024751296,271.2378109778006,25.0.2,OpenJDK 64-Bit Server VM,25.0.2+10-LTS,3,7,500 ms,1,0,"[[227.96780519134458,244.59010872350552,228.22675740263807,263.44549120924285,247.8356736051211,245.02228746203696,247.41870569470845]]",243.03302934139458,27.736893093096732,520.3609699802805,519.3609699802805
26.2-paper,25,jvmti,predicateTrue,101.1013309823686,6.755773273230618,94.34555770913798,107.85710425559921,25.0.2,OpenJDK 64-Bit Server VM,25.0.2+10-LTS,3,7,500 ms,1,0,"[[102.1932892914616,97.21759889549635,104.32945104596696,100.64269790826732,97.66548211997589,100.6746473923297,104.98615022308232]]",100.63338471110639,6.75601028004554,216.05328900188672,215.05328900188672
26.2-paper,25,jvmti,siteInvoke,178.81196305078151,18.245806150884043,160.56615689989746,197.05776920166556,25.0.2,OpenJDK 64-Bit Server VM,25.0.2+10-LTS,3,7,500 ms,1,0,"[[188.7298668890521,186.00771931990553,181.47190023773604,178.94254745487166,166.19795848603613,180.20964710915896,170.1241018587103]]",178.3440167795193,18.245893907408917,382.12071349231314,381.12071349231314
26.2-paper,25,jvmti,spliceProceed,136.29459556872715,9.470788317189111,126.82380725153803,145.76538388591626,25.0.2,OpenJDK 64-Bit Server VM,25.0.2+10-LTS,3,7,500 ms,1,0,"[[137.3443143245637,140.735155962994,135.9965613323288,141.01652043762428,134.94615792849842,135.50361820639665,128.51984078868406]]",135.82664929746494,9.470957382112415,291.26120655069144,290.26120655069144
